{"root:pts/0:/root/.bash_history.pts/0": {"inode": 1442990, "size": 7151, "offset": 7151, "mtime": 1756198746.504994}, "root:pts/1:/root/.bash_history.pts/1": {"inode": 1443013, "size": 8420, "offset": 8420, "mtime": 1756196025.1954}, "root:pts/2:/root/.bash_history.pts/2": {"inode": 1444154, "size": 1538, "offset": 1538, "mtime": 1755771934.2183104}, "root:pts/3:/root/.bash_history.pts/3": {"inode": 1444155, "size": 2102, "offset": 2102, "mtime": 1756121895.4352639}, "niks:pts/3:/home/niks/.bash_history.pts/3": {"inode": 531301, "size": 908, "offset": 908, "mtime": 1756103667.1604}, "root:ttymxc0:/root/.bash_history.ttymxc0": {"inode": 1443017, "size": 190, "offset": 190, "mtime": 1756199018.4670613}}