{"root:pts/0:/root/.bash_history.pts/0": {"inode": 1443015, "size": 8066, "offset": 8066, "mtime": 1758002767.2690356}, "root:pts/1:/root/.bash_history.pts/1": {"inode": 1439172, "size": 8090, "offset": 8090, "mtime": 1758003428.7804432}, "root:pts/2:/root/.bash_history.pts/2": {"inode": 1444154, "size": 4683, "offset": 4683, "mtime": 1758003432.5807402}, "root:pts/3:/root/.bash_history.pts/3": {"inode": 1444155, "size": 2674, "offset": 2674, "mtime": 1757999841.6944084}, "niks:pts/3:/home/niks/.bash_history.pts/3": {"inode": 531301, "size": 908, "offset": 908, "mtime": 1756103667.1604}, "root:ttymxc0:/root/.bash_history.ttymxc0": {"inode": 1443017, "size": 9086, "offset": 9086, "mtime": 1758003590.0827353}}