{"root:/root/.bash_history": {"inode": 1443001, "size": 12065, "offset": 12065, "mtime": 1753263683.5479622}, "niks:/home/niks/.bash_history": {"inode": 531182, "size": 5750, "offset": 5750, "mtime": 1747912615.1294734}, "root:pts/3:/root/.bash_history.pts/3": {"inode": 1444155, "size": 1497, "offset": 1497, "mtime": 1753957168.8993893}, "root:pts/2:/root/.bash_history.pts/2": {"inode": 1444154, "size": 1120, "offset": 1120, "mtime": 1753957161.8688025}, "root:pts/4:/root/.bash_history.pts/4": {"inode": 1444159, "size": 51, "offset": 51, "mtime": 1753869228.369554}, "root:pts/0:/root/.bash_history.pts/0": {"inode": 1442990, "size": 2305, "offset": 2305, "mtime": 1753961229.4883916}, "root:pts/1:/root/.bash_history.pts/1": {"inode": 1439171, "size": 4370, "offset": 4370, "mtime": 1753961248.8400457}, "root:pts/5:/root/.bash_history.pts/5": {"inode": 1443000, "size": 109, "offset": 109, "mtime": 1753270620.7016332}, "niks:pts/4:/home/niks/.bash_history.pts/4": {"inode": 531296, "size": 97, "offset": 97, "mtime": 1753940384.5446057}, "niks:pts/1:/root/.bash_history.pts_1": {"inode": 1443005, "size": 64, "offset": 64, "mtime": 1753337230.2750673}, "niks:pts/1:/root/.bash_history.pts/1": {"inode": 1439171, "size": 1664, "offset": 1664, "mtime": 1753338382.754297}, "niks:pts/2:/root/.bash_history.pts/2": {"inode": 1444154, "size": 875, "offset": 875, "mtime": 1753338717.7737093}, "niks:pts/2:/home/niks/.bash_history.pts/2": {"inode": 531300, "size": 64, "offset": 64, "mtime": 1753339472.3572156}, "niks:pts/1:/home/niks/.bash_history.pts/1": {"inode": 531295, "size": 175, "offset": 175, "mtime": 1753865418.741094}}